BOROUGH	BLOCK	LOT	LAT	LON
2	3030	59	40.8544477262734	-73.8958279053519
2	3039	28	40.8560834494887	-73.8927020541987
2	3039	64	40.8567748982299	-73.8924695815357
2	3053	87	40.8567576317351	-73.891616480121
2	2912	131	40.8383885669402	-73.9022425262347
2	2929	118	40.8385023831724	-73.9005329547798
2	2929	126	40.8382851451359	-73.9000634659924
2	3035	140	40.8490749457672	-73.8973363525098
2	3036	37	40.8512091684101	-73.8960426272828
2	3036	58	40.8499115315271	-73.8967205822714
2	3039	30	40.8559709168226	-73.8927022357428
2	3039	117	40.856704307996	-73.8933011345893
2	3039	130	40.8560231803491	-73.8928250585328
2	3041	7	40.8585723753393	-73.8921449355918
2	3044	167	40.8491941359491	-73.8955795003974
2	3046	12	40.8502072935848	-73.8959791303317
2	3050	65	40.8546613550227	-73.8923392494332
2	3050	85	40.8536985505466	-73.8929697810813
2	3053	5	40.8549602435321	-73.8920351176304
2	3053	22	40.8549354735548	-73.8919628607234
2	3030	168	40.8552461331574	-73.8954940865877
2	3036	33	40.8514286206746	-73.895904927027
2	3037	130	40.8542187998465	-73.894599226241
2	3050	28	40.8549361920221	-73.892732823837
2	3050	128	40.8548539182283	-73.8928052535512
2	3050	129	40.8547606823696	-73.8928957749725
2	3050	137	40.8536574169246	-73.8930096099212
2	3053	120	40.8552481558185	-73.8917346158331
2	3031	47	40.8582715709451	-73.8933420006648
2	3032	54	40.8588531222118	-73.8929904063704
2	3039	66	40.8568271586312	-73.8925887906744
2	3040	10	40.8578205002614	-73.8923305205321
2	3048	30	40.8527979797697	-73.8926386742001
2	3048	31	40.8527127459224	-73.8924797634418
2	3050	8	40.8538940694019	-73.8936671226807
2	3050	20	40.8548048489415	-73.8931668174958
2	3050	101	40.8541897881405	-73.8929003090992
2	3050	102	40.8542693173036	-73.8928278846484
2	3051	24	40.8542711308691	-73.8918301915073
2	3053	25	40.855563731779	-73.8916654192325
2	3053	74	40.8560362367144	-73.8921092842128
2	3035	48	40.8485618406172	-73.8975106408765
2	2924	36	40.8457672494055	-73.8969727929668
2	3039	23	40.856269954457	-73.8925571561867
2	3052	27	40.8551403908247	-73.8909684394626
2	3043	8	40.8475544831589	-73.8974543617039
2	2900	10	40.8462321427203	-73.9012984887206
2	3027	16	40.8486600094374	-73.8999069126596
2	3034	55	40.8474019545107	-73.8987847129918
2	3045	36	40.8503378321867	-73.8946487512808
2	3027	38	40.8483302994017	-73.8995098141856
2	3027	39	40.8482672027109	-73.8995460544373
2	2900	7	40.8461031756348	-73.9013384382086
2	2900	12	40.8463006210407	-73.9011357397402
2	3027	28	40.8488269393754	-73.8993355667692
2	3031	54	40.8576901550198	-73.8938418038132
2	3031	56	40.8576023812001	-73.8939033989247
2	3031	57	40.8575118626477	-73.8939649982495
2	3031	59	40.8574186060031	-73.8940338317507
2	3032	30	40.8602138226719	-73.8922688035869
2	3038	20	40.8553600219356	-73.8939720437084
2	3040	31	40.8574443449261	-73.8921901447902
2	3041	14	40.8583798197741	-73.8916897524436
2	3051	49	40.8531900303046	-73.8921645077004
2	3043	46	40.8471586042118	-73.8967356998462
2	4707	59	40.8758715744903	-73.8541199981047
2	4707	62	40.8757890280554	-73.8539574595831
2	4708	25	40.8759138735272	-73.8528470737944
2	4708	26	40.8759359186119	-73.8529157290019
2	4709	49	40.8769706933876	-73.8529351362471
2	4709	50	40.8769513976158	-73.8528700899357
2	4709	150	40.8769321064193	-73.852808659706
2	4710	1	40.8772996175544	-73.8525908816743
2	4711	100	40.8776993368779	-73.8518053026808
2	4715	79	40.880599328822	-73.8509128565083
2	4719	51	40.8787040328024	-73.8497888674453
2	4723	8	40.8786558023612	-73.8465091300886
2	4727	1	40.8801596831111	-73.8463501602906
2	4730	41	40.8779423589923	-73.8425656015895
2	4734	66	40.8743879439226	-73.8508038425437
2	4734	112	40.8726850459254	-73.849889244375
2	4735	51	40.8745733916698	-73.8498849812453
2	4735	84	40.8737686280402	-73.8494492763636
2	4735	87	40.8741668906876	-73.8496653288478
2	4737	31	40.8746333904636	-73.8474983324532
2	4737	38	40.874292800521	-73.847311086248
2	4738	42	40.874692993222	-73.8469087987297
2	4738	45	40.8749182206514	-73.8470312222846
2	4739	55	40.873142399842	-73.8491144203697
2	4739	149	40.872766107804	-73.8489091720678
2	4740	35	40.8725450453517	-73.8477779240501
2	4740	51	40.8734953838151	-73.8482892016036
2	4742	12	40.8737531023297	-73.8460033764538
2	4744	20	40.875538319918	-73.8448240486622
2	4746	16	40.8738478691986	-73.8450340993082
2	4750	13	40.8770065836987	-73.8426871472896
2	4750	16	40.8768692458361	-73.8426115351531
2	4751	44	40.8761323044027	-73.8416152604591
2	4751	48	40.8763163323719	-73.8417124546618
2	4756	13	40.8760659218943	-73.8392613975071
2	4756	62	40.875918121412	-73.8395582668004
2	4766	15	40.8708306853865	-73.8424450418001
2	4766	29	40.8699077228969	-73.8419012620663
2	4775	38	40.8713188151395	-73.8381700691009
2	4780	22	40.8720763905835	-73.8362518560638
2	4781	11	40.8735224355896	-73.8359626412287
2	4781	26	40.8727781363449	-73.8356209736134
2	4781	32	40.8724622859279	-73.8354735061299
2	4784	5	40.869609815137	-73.8408245046746
2	4796	5	40.8711837245022	-73.8358020864899
2	4886	30	40.879425215924	-73.8391086283968
2	4886	54	40.8797004343125	-73.8396467770167
2	4893	21	40.8819968916129	-73.8410154437062
2	4893	120	40.8818621628595	-73.8408421823814
2	4899	50	40.8824726707488	-73.8457589650868
2	4902	23	40.8824075086718	-73.848366506223
2	4902	120	40.8823221667376	-73.8481714181031
2	4916	31	40.8834022480415	-73.8390881545152
2	4934	19	40.8883879756658	-73.8440851852907
2	4934	26	40.8883034905904	-73.8445302342408
2	4942	49	40.8862738074126	-73.8337106074043
2	4945	7	40.8872404504256	-73.8340662344375
2	4945	97	40.888867650445	-73.8337873032052
2	4945	99	40.8888650983812	-73.8339211276534
2	4946	12	40.8875106612824	-73.8330167370252
2	4950	77	40.887436230024	-73.8309084304832
2	4951	73	40.8871960241711	-73.829943405525
2	4960	78	40.8893029816962	-73.8368821340981
2	4961	33	40.8911476361984	-73.8370403648902
2	4963	57	40.8910069972409	-73.8346463742242
2	4969	39	40.8919467798948	-73.8316094806959
2	4970	1	40.8917418573078	-73.8303694163884
2	4977	39	40.8916145188728	-73.8472857662401
2	4979	18	40.8908847382616	-73.8454537183602
2	4981	57	40.8922245636758	-73.8437253484995
2	4982	46	40.8928082084938	-73.8430078265459
2	4983	27	40.8921345783951	-73.8421413658575
2	4983	38	40.8926261329305	-73.8423282777672
2	4986	31	40.8930478209526	-73.8396145788666
2	4990	22	40.8928688974244	-73.8353470425169
2	4991	7	40.8924334308714	-73.8340858235486
2	4991	25	40.8924837120216	-73.8346969543791
2	5263	150	40.8812702817887	-73.8318498831349
2	5270	12	40.8831992129803	-73.8295775237798
2	5270	15	40.8830758303844	-73.8296646334183
2	5655	23	40.8890770024556	-73.8196635013437
2	5655	130	40.8886712641833	-73.8199684044069
2	4706	58	40.8747865706184	-73.8534498142487
2	4707	58	40.8758990944865	-73.8541777936894
2	4708	37	40.8762418145466	-73.8538877607387
2	4711	44	40.8785035810797	-73.8518432876223
2	4714	6	40.8797305392405	-73.8519056451975
2	4715	28	40.8803287171848	-73.8496550121802
2	4717	89	40.8799325712158	-73.8489579780195
2	4722	5	40.8790088366349	-73.8478029029937
2	4722	72	40.8792750616115	-73.8477950612033
2	4723	17	40.8781256639401	-73.846199367678
2	4726	34	40.8797247173457	-73.8474360273966
2	4726	122	40.8793507218031	-73.8468944576962
2	4728	62	40.8793651844502	-73.8453900906739
2	4728	93	40.8773018562329	-73.8438580569089
2	4728	101	40.8773544744238	-73.8442050767912
2	4730	13	40.8785241485229	-73.8425027495745
2	4730	14	40.8784664558318	-73.8424631087184
2	4733	46	40.8740294479988	-73.8516254554006
2	4735	20	40.8746772518948	-73.8495484651238
2	4735	22	40.8745509066551	-73.8494800484381
2	4735	37	40.8735434078501	-73.849330462594
2	4736	54	40.8748385084789	-73.8490274048243
2	4737	39	40.8742433626425	-73.8472858884181
2	4737	60	40.875109074974	-73.8481444974194
2	4738	12	40.8759971271443	-73.8472131562981
2	4740	15	40.8730279388159	-73.8476466482479
2	4741	36	40.8726892699422	-73.8468374797237
2	4742	46	40.8736822127572	-73.8463578966543
2	4744	6	40.8762002557787	-73.8451696412302
2	4744	31	40.8751017395019	-73.8446948931709
2	4744	32	40.8750798695743	-73.8447600314229
2	4748	7	40.8747130137287	-73.84341937644
2	4748	15	40.8743037557637	-73.8431997695823
2	4748	42	40.8738865386238	-73.8431826740112
2	4748	64	40.8748891539981	-73.8437733241146
2	4749	44	40.8756240781788	-73.8432906715112
2	4752	197	40.8744732719724	-73.8427184523349
2	4755	16	40.8758035773147	-73.8400864782608
2	4756	60	40.8758412148739	-73.8395186764253
2	4758	28	40.8756125416359	-73.8369446482321
2	4758	65	40.8759633091057	-73.8365532597625
2	4759	17	40.871973040425	-73.8469403714649
2	4761	32	40.8722896469849	-73.8456054117337
2	4763	116	40.8726406219945	-73.8433121661218
2	4764	34	40.8719913134272	-73.8421674919902
2	4767	38	40.8702997027135	-73.8415279136052
2	4775	33	40.8711922905385	-73.8379787426507
2	4778	157	40.8749979819466	-73.8371233368649
2	4779	1	40.875454386899	-73.8357409164491
2	4779	65	40.875405193456	-73.8358892928386
2	4785	43	40.86864776258	-73.8398072071057
2	4788	139	40.8689402466383	-73.838945984849
2	4790	43	40.8700773671793	-73.8375692714438
2	4791	33	40.8696311955122	-73.8364856638643
2	4792	28	40.8671434864749	-73.8377138276454
2	4792	29	40.8670913017464	-73.8376886463589
2	4795	34	40.8679721337122	-73.8355966980945
2	4795	142	40.8684555338282	-73.8358305166038
2	4796	124	40.8706646436057	-73.8355683468272
2	4796	147	40.8707008700578	-73.8359515231847
2	4799	137	40.8694840919809	-73.8353362488156
2	4803	7	40.8669058356665	-73.8365755219783
2	4880	22	40.8765313516445	-73.836475926675
2	4881	135	40.8782797830064	-73.8384677293562
2	4881	136	40.8782111152467	-73.838431734939
2	4884	21	40.8792768792965	-73.8410002507891
2	4885	45	40.8785228839264	-73.8395917587553
2	4885	79	40.8799847238924	-73.8407924333982
2	4886	12	40.8803454201712	-73.8396343726825
2	4888	124	40.8799365636659	-73.843710836798
2	4889	14	40.8801607592893	-73.8430702370145
2	4889	20	40.8803700083135	-73.8435507032543
2	4892	19	40.881446124785	-73.8416821600263
2	4892	20	40.881575174542	-73.8417180157954
2	4894	22	40.8821850509351	-73.8401289903044
2	4897	9	40.8802624978077	-73.8452397383379
2	4900	46	40.8821673117756	-73.8493868616646
2	4902	41	40.8829598968163	-73.848904087283
2	4903	23	40.8830519432051	-73.8479346863212
2	4903	69	40.8833426889974	-73.847789365176
2	4916	35	40.8832429555608	-73.8390162120956
2	4922	82	40.884088494892	-73.8352494460083
2	4924	8	NA	NA
2	4924	120	40.8830765314283	-73.8358305760712
2	4924	125	40.8828739335699	-73.8361890978207
2	4924	127	40.882997546943	-73.8362611209449
2	4929	41	40.8885897881488	-73.8451624852018
2	4929	71	40.8885281156638	-73.8462512511212
2	4934	8	40.8888851045689	-73.8443371886611
2	4934	12	40.8886764015099	-73.8442581101049
2	4943	43	40.8863223974825	-73.8331463015319
2	4945	74	40.8891014372874	-73.8341266900961
2	4951	16	40.8880984585667	-73.829557730711
2	4952	55	40.8869387412792	-73.8285733722381
2	4956	30	40.8902014866624	-73.8415347211045
2	4958	45	40.8903519172502	-73.8391689851706
2	4959	18	40.8899584078112	-73.8384393509741
2	4962	19	40.8906354347337	-73.8358480763119
2	4963	13	40.8901480473246	-73.8347425469389
2	4963	20	40.8904665491908	-73.8348249413488
2	4965	134	40.8905892536843	-73.8323615967824
2	4965	135	40.890523391892	-73.8323689964638
2	4965	136	40.8904657641357	-73.8323763753676
2	4965	137	40.8903971524098	-73.8323801651666
2	4969	12	40.8913069002071	-73.8313579229885
2	4969	13	40.8912382938093	-73.831365330707
2	4970	21	40.8905920016744	-73.8304844713438
2	4978	32	40.8916988560939	-73.8467213426849
2	4980	1	40.890235399441	-73.8442689247215
2	4980	33	40.8917896916395	-73.8448620657834
2	4980	97	40.8899498014043	-73.84415747414
2	4981	13	40.8910634076483	-73.8436123399056
2	4985	24	40.8923626141267	-73.8403106758348
2	4987	1	40.8915773277508	-73.8381207501988
2	4987	3	40.8916706924765	-73.8381530745459
2	4990	11	40.8928584546421	-73.8357232282366
2	4990	60	40.8933886608314	-73.8360619112521
2	5134	73	40.8614744084856	-73.8255588474244
2	5135	12	40.8608581447881	-73.8246024406002
2	5232	28	40.8791876288102	-73.834140574934
2	5654	307	40.8867998321141	-73.8185015189407
2	5654	318	40.8873300099401	-73.8187894012348
2	5655	97	40.8882236839473	-73.8198430330496
2	4710	28	40.8776043424435	-73.8526408313458
2	4711	54	40.8781805279832	-73.8524840610799
2	4717	24	40.8796514523674	-73.8501736605812
2	4727	11	40.8796406147865	-73.84610907434
2	4728	7	40.8797689581739	-73.8456169728746
2	4728	49	40.8785383839018	-73.8449074503035
2	4735	31	40.8739768607987	-73.8491703810804
2	4736	18	40.8751291139827	-73.8487736280441
2	4762	31	40.8706329918301	-73.8444124576228
2	4784	37	40.8683495279401	-73.8404840405516
2	4886	52	40.8796345065979	-73.8396071578016
2	4889	19	40.8803314650439	-73.8434640042021
2	4889	27	40.8806884113559	-73.8435644190405
2	4890	71	40.8805658980219	-73.8422809377173
2	4898	77	40.8810436049245	-73.8443989435664
2	4898	101	40.8806839049196	-73.8442912976444
2	4899	8	40.8814329255243	-73.8440834143437
2	4903	58	40.8836813410497	-73.8485914353929
2	4921	154	40.8833176119646	-73.8374501290823
2	4921	161	40.8838256938635	-73.837673105475
2	4922	81	40.8841160397771	-73.8353180902233
2	4923	52	40.882806698185	-73.8371656846604
2	4956	25	40.8899925879094	-73.8413145963969
2	4956	55	40.8892808439362	-73.8406833682434
2	4959	19	40.890060016637	-73.8384788884874
2	4961	16	40.8901451993726	-73.8365979590937
2	4963	67	40.8904440477124	-73.8344452342713
2	4964	52	40.8899952446253	-73.8334589748781
2	4983	73	40.8917496148888	-73.8416250689471
2	4989	22	40.8929504606997	-73.8367321233839
2	5226	118	40.8784442593352	-73.836373586213
2	5226	119	40.8783838301089	-73.8363411897225
2	5226	120	40.878331640058	-73.8363123891375
2	5226	121	40.878282194685	-73.8362835818393
2	5226	122	40.8782327493044	-73.836254774584
2	5226	123	40.8781805592306	-73.8362259741323
2	5226	124	40.8781311138346	-73.8361971669638
2	5226	125	40.8780706845553	-73.8361647707862
2	4795	1017	40.8688724900035	-73.8356631688307
2	4716	15	40.8816575305796	-73.8499485447675
2	4727	24	40.8798553693892	-73.8466112309325
2	4728	58	40.8791262077918	-73.8452496156153
2	4752	131	40.874422513037	-73.8417278107885
2	4767	39	40.8703656199519	-73.841560297791
2	4796	6	40.8710881178266	-73.8361241232081
2	4888	12	40.879742092194	-73.8440078229573
2	4888	13	40.8797751359187	-73.8440873020327
2	4899	51	40.8824368835077	-73.8456794883266
2	4964	41	40.8907882742054	-73.8333303997608
2	4969	40	40.8920153810227	-73.8315984562877
2	4977	38	40.8916776799901	-73.8473109391324
2	4980	4	40.8903342567063	-73.8443048609662
2	4980	76	40.8910038072636	-73.8441911713399
2	5132	200	40.8597332495559	-73.8267057925654
2	5134	14	40.861023906858	-73.8253141960846
2	5134	15	40.860938750199	-73.8252674223372
2	5135	25	40.8609619590699	-73.8242840302752
2	5260	23	40.8808132033286	-73.8346391806667
2	5260	24	40.8807198063359	-73.8345851690421
2	5260	26	40.8805907024968	-73.8345131651649
2	5263	151	40.8811928979323	-73.8314848338305
2	5263	225	40.881770676747	-73.8324416938151
2	4969	38	40.8918781734891	-73.8316168882261
2	5654	306	40.8867392272767	-73.8183606373869
2	4888	4	40.8795792839591	-73.8433645215846
2	4917	52	40.8838902614774	-73.8387000149496
2	4939	91	40.888077331366	-73.8358109930533
2	4961	1	40.8894559107215	-73.8363356316402
2	5259	16	40.8804200784441	-73.836119202645
2	4969	14	40.8911340171542	-73.831380062552
2	4729	42	40.8785994950281	-73.8434138397341
2	4886	7	40.8805624160101	-73.8397531856075
2	4887	23	40.880036356216	-73.8384453805064
2	4953	122	40.886817927902	-73.8267039048619
2	4953	124	40.886752294372	-73.8268632059205
2	4954	75	40.889056207051	-73.8429986037609
2	4949	21	40.8855693165566	-73.8305515264134
2	4728	42	40.878216983337	-73.8447056970496
2	4757	8	40.8766742934649	-73.8385801110498
2	4887	62	40.8797452322548	-73.8383122882109
2	4953	80	40.8877168875283	-73.8258408004827
2	4953	83	40.88775227353	-73.8256454089683
2	4953	114	40.886927383691	-73.8264830069532
2	5270	16	40.8829466434281	-73.8295383910067
2	5273	1	40.8841616873448	-73.8308227314036
2	4951	52	40.8870445012909	-73.8295604329156
2	5263	127	40.8818999733009	-73.8307633927808
2	4953	142	40.8868792269087	-73.8273149499663
2	4953	143	40.8869284579577	-73.8271990908939
2	4953	145	40.8869940865298	-73.8270361731556
2	4953	147	40.8870624649761	-73.8268768645408
2	4919	5	40.8819538809039	-73.8377210716347
2	4795	1044	40.8689411535946	-73.835695539726
2	4795	1048	40.8685511397297	-73.8355084922128
2	3284	45	40.867697060053	-73.8849677321994
2	3289	21	40.8674913140767	-73.8878641345132
2	3290	19	40.8679970729958	-73.8886225505059
2	3298	33	40.8715252804429	-73.8843355834177
2	3302	56	40.8698466778418	-73.8882904268607
2	3306	31	40.8722350837309	-73.8860156941423
2	3310	72	40.8730931109447	-73.8877317487804
2	3311	66	40.8765608506652	-73.8861456875797
2	3311	118	40.8747669445671	-73.8845143570419
2	3314	23	40.867503076657	-73.8945167063875
2	3318	122	40.8708306146174	-73.8925878648868
2	3343	115	40.8766851869214	-73.876280920792
2	3343	134	40.8774417013115	-73.87533210007
2	3345	25	40.8738039747244	-73.8769516041048
2	3355	39	40.8759271371183	-73.8732774370106
2	3282	30	40.8649049621475	-73.8898352721119
2	3282	60	40.8637196397769	-73.8902421529978
2	3295	30	40.8680914378634	-73.8897106793449
2	3296	24	40.8695936011489	-73.8877087319119
2	3296	29	40.8697963277267	-73.8873178978738
2	3297	38	40.8708858043694	-73.8871461126673
2	3298	41	40.8711769616674	-73.8845929067768
2	3300	76	40.8656760100766	-73.8925202664408
2	3309	35	40.8739035480213	-73.8857018676611
2	3310	74	40.872999833667	-73.8877752963285
2	3311	156	40.8746413131488	-73.8851401306955
2	3315	30	40.8695681907121	-73.8927345301377
2	3319	46	40.8715214048493	-73.8916538836016
2	3319	63	40.871130727632	-73.89066742418
2	3321	65	40.8733848961155	-73.8886062939869
2	3322	43	40.8762052121736	-73.8873395806546
2	3329	68	40.884953903675	-73.8778821034237
2	3332	57	40.8715714136347	-73.878481586587
2	3333	18	40.8724807109439	-73.8792464766058
2	3333	47	40.8721978109089	-73.8790589690218
2	3343	148	40.8782866229966	-73.8749218935273
2	3343	150	40.8784238103322	-73.8748782418416
2	3343	163	40.8786902839429	-73.8750983254078
2	3343	343	40.8781950477658	-73.8791348469574
2	3343	366	40.8789952367781	-73.8779364418269
2	3352	84	40.8769292933837	-73.8735901235515
2	3354	25	40.8746850814176	-73.874458597519
2	3355	9	40.8753406957955	-73.8741210748009
2	3277	126	40.8643906600889	-73.8887478977641
2	3278	5	40.8649282221449	-73.8883348429571
2	3283	79	40.8667989852169	-73.8871819723032
2	3287	95	40.8653174024415	-73.8906082887858
2	3287	96	40.8652598118302	-73.8906589993591
2	3288	8	40.8664362112484	-73.8895290350008
2	3292	104	40.8704901142229	-73.8839215783187
2	3292	155	40.8704544877736	-73.8839758760078
2	3294	27	40.8659634322107	-73.8916954781096
2	3318	161	40.8686829935618	-73.8941858148393
2	3321	58	40.8738348297053	-73.8884030507456
2	3322	42	40.8762600812417	-73.8873141755765
2	3322	72	40.8755114849701	-73.8880386392
2	3345	36	40.8732803735524	-73.8775491889479
2	3346	25	40.8749695935251	-73.8761322432598
2	3349	15	40.8731288079734	-73.8769781644564
2	3355	48	40.8753649357517	-73.8736979607208
2	3302	3	40.8696170854269	-73.889288733076
2	3302	9	40.8696581898827	-73.8892199671715
2	3290	18	40.8679504655458	-73.8886768620201
2	3335	134	40.8750707529571	-73.8809738134115
2	3278	18	40.8653668928712	-73.8878387934091
2	3278	22	40.8654847846217	-73.8877048236818
2	3278	38	40.8652622319018	-73.8874665819475
2	3282	13	40.8644608964493	-73.8904397751357
2	3282	42	40.8646849368729	-73.8893656364424
2	3284	39	40.8673656600177	-73.8856805652365
2	3288	35	40.8663421727161	-73.8887807876965
2	3290	65	40.8669956604675	-73.8890400115697
2	3292	90	40.8711102470978	-73.8837541719347
2	3294	2	40.8650280767517	-73.8923224664
2	3296	27	40.8697360856336	-73.8874626263812
2	3302	53	40.8699398397534	-73.8881275651311
2	3303	45	40.8712060813665	-73.8862777913656
2	3304	141	40.8692590699946	-73.8909055177644
2	3305	53	40.8704209536604	-73.8889475190942
2	3305	64	40.8699578461882	-73.8897256621088
2	3308	77	40.8727762235491	-73.883700637846
2	3310	23	40.874234824708	-73.8876502711324
2	3311	8	40.8751539114123	-73.8872545790308
2	3317	34	40.8687474517152	-73.8956464172724
2	3319	93	40.871631671942	-73.8892673000245
2	3320	19	40.8722842506751	-73.8885828272541
2	3322	47	40.8758759905852	-73.8874847782651
2	3323	1	40.8774787732509	-73.8845855845038
2	3329	56	40.8848040584913	-73.8789383909987
2	3329	60	40.8845488862608	-73.8790184179312
2	3329	83	40.8851965293765	-73.8789195937967
2	3333	52	40.8720581042277	-73.8793195598098
2	3333	57	40.8719403129702	-73.8795403362236
2	3333	59	40.8718855172482	-73.8796344457159
2	3335	12	40.8742414944218	-73.8806245549853
2	3335	16	40.8739505124069	-73.8805816867147
2	3336	67	40.877831820218	-73.8808820841484
2	3343	5	40.8761367094504	-73.8793085410371
2	3345	9	40.8731958623976	-73.8780917219675
2	3351	44	40.8760955877098	-73.8742136618197
2	3352	29	40.8780544608329	-73.873446955892
2	3352	69	40.877450419223	-73.8732564533295
2	3355	27	40.8761524752817	-73.8735265122491
2	3355	101	40.8776610834279	-73.8726413160475
2	3355	156	40.8762041360807	-73.8730816443704
2	3305	32	40.8708710726902	-73.88893592019
2	3309	31	40.8739170492128	-73.8854776593951
2	3311	7	40.8751318690791	-73.8871678335109
2	3319	29	40.8713574876875	-73.8924713098499
2	3324	19	40.8826439845244	-73.8842873087071
2	3329	10	40.8841395219992	-73.8786322033316
2	3329	20	40.8845015424592	-73.8783675405492
2	3333	9	40.8722862232445	-73.8796156413667
2	3335	118	40.8760093209694	-73.8808600371788
2	3354	26	40.8745613775172	-73.8742816508213
2	3355	104	40.877984792859	-73.8724924354666
2	3326	45	40.8787190132194	-73.8815205531068
2	3280	13	40.8683320527603	-73.8831986129629
2	3281	1	40.8704752725084	-73.8828151997233
2	3284	48	40.8680650361994	-73.8851551052831
2	3287	100	40.8649718755194	-73.8909306278872
2	3299	14	40.8715976712527	-73.8826360493478
2	3307	1	40.8724017178121	-73.8852163154522
2	3311	1	40.8751671852984	-73.8867953301189
2	3311	44	40.8769451784142	-73.8862173505179
2	3311	138	40.8742776310459	-73.8837594821911
2	3313	69	40.8765160006923	-73.8852019807156
2	3343	260	40.8794367061763	-73.8775342343844
2	3344	86	40.8808982819222	-73.8762730808158
2	3344	102	40.8810323094108	-73.8758424946039
2	3353	33	40.8730836380769	-73.875806714823
2	3277	4	40.8634393087676	-73.8898521613101
2	3301	53	40.8691152325117	-73.889734290702
2	3311	1018	40.8748971185994	-73.8856929278288
2	3309	23	40.8740375820951	-73.8852424186463
2	3317	17	40.8681772201856	-73.8963848895031
2	3345	2	40.8727922821078	-73.8779876028993
2	3345	3	40.8728417553303	-73.8780525970573
2	3345	4	40.8728912246968	-73.8781139754863
2	3345	5	40.8729928507797	-73.8781824901243
2	3353	6	40.8717729424343	-73.8769915202804
2	3321	36	40.8749792464799	-73.8882781878284
2	3322	1	40.8752700574861	-73.8881475245761
2	3278	88	40.8657858674565	-73.8868510700482
2	3321	5	40.873634927884	-73.8888806814231
2	3326	58	40.8792572389507	-73.8817799588499
2	3283	54	40.8651209648084	-73.8889708314008
2	3301	46	40.8689618367627	-73.8900563350972
2	3318	62	NA	NA
2	3278	59	40.8659426513175	-73.8871942714458
2	3311	1007	40.8748971185994	-73.8856929278288
2	3311	1008	40.8748971185994	-73.8856929278288
2	3311	1015	40.8748971185994	-73.8856929278288
2	3058	99	40.8573713565952	-73.8876100729792
2	3058	104	40.8571793895795	-73.8877766863595
2	3054	29	40.855687528471	-73.8890769515402
2	3055	21	40.8560916989974	-73.8898064910624
2	3056	55	40.8567994993168	-73.889458282479
2	3058	73	40.8574348467738	-73.8879823098475
2	3058	95	40.8575249293246	-73.8874760585843
2	3065	10	40.8542774595554	-73.8898167264445
2	3065	11	40.8542854724699	-73.8895853646552
2	3067	60	40.8581023910051	-73.8857760183469
2	3075	1	40.8549873153985	-73.8859404218663
2	3075	14	40.855381795491	-73.8851770056162
2	3075	22	40.8550662485793	-73.8852715368122
2	3075	47	40.8562207921408	-73.884293515225
2	3075	51	40.8559849472718	-73.8844927457461
2	3088	44	40.8528112070673	-73.8863887666354
2	3089	51	40.8531092704242	-73.8852676828949
2	3091	44	40.8566074606275	-73.88396026741
2	3100	38	40.8500636073689	-73.8834873281517
2	3103	70	40.8521157068092	-73.8852874702411
2	3112	35	40.8493805192772	-73.8838282927734
2	3114	97	40.8530106837596	-73.8827592153634
2	3273	316	40.8597169333302	-73.8864420418383
2	3054	4	40.8551531705549	-73.8899743299044
2	3059	60	40.8589743657871	-73.8877158163295
2	3078	62	40.8574531653686	-73.8842949862323
2	3078	63	40.8574092864464	-73.8843312124745
2	3088	48	40.8526136847031	-73.8864867017281
2	3090	110	40.8547771673949	-73.8843827829693
2	3090	111	40.8547277917823	-73.8844117875582
2	3100	102	40.8499756929186	-73.8834043466532
2	3102	19	40.8529019417451	-73.8837932243098
2	3115	18	40.8548322350671	-73.8818450621118
2	3054	12	40.8556385747523	-73.8895469694171
2	3054	27	40.8558054531745	-73.888975537581
2	3056	1	40.8565299666946	-73.8888839545858
2	3056	45	40.8571091433598	-73.8889299816226
2	3059	61	40.8590319551691	-73.8876651080001
2	3065	37	40.855700610544	-73.8884117885807
2	3065	61	40.8545372627955	-73.8888330611371
2	3065	63	40.8544220794107	-73.8889308540098
2	3065	70	40.8540024391984	-73.8892424280175
2	3067	22	40.858641075976	-73.8865089498428
2	3067	23	40.8585478380134	-73.8865922551525
2	3071	39	40.8521029397697	-73.889072085324
2	3071	47	40.8526982544448	-73.8887746842721
2	3071	53	40.8526210187871	-73.8883771931109
2	3074	43	40.8544688242089	-73.8862015788279
2	3074	44	40.8545428704666	-73.8861399999476
2	3074	45	40.8546278847798	-73.8860675576259
2	3074	47	40.8544355807466	-73.8858907604206
2	3075	27	40.8548221714638	-73.8854743894293
2	3075	54	40.8558149170023	-73.8846340222885
2	3077	47	40.8568837092136	-73.8857419617111
2	3090	1	40.8546022684851	-73.8851458178205
2	3090	25	40.8545522685579	-73.8845494563365
2	3090	57	40.8557673972357	-73.8837773730866
2	3091	1	40.8567944921425	-73.8843503564722
2	3114	33	40.8513911376214	-73.8825921808306
2	3114	35	40.8512923725217	-73.8826357310637
2	3115	3	40.8538693332206	-73.8823239260289
2	3074	30	40.8545544328281	-73.8867328131496
2	3103	1005	40.8528069320051	-73.8848452797828
2	3103	1008	40.8528069320051	-73.8848452797828
2	3103	1010	40.8528069320051	-73.8848452797828
2	3103	1014	40.8528069320051	-73.8848452797828
2	3103	1019	40.8528069320051	-73.8848452797828
2	3103	1020	40.8528069320051	-73.8848452797828
2	3103	1024	40.8528069320051	-73.8848452797828
2	3103	1028	40.8528069320051	-73.8848452797828
2	3103	1030	40.8528069320051	-73.8848452797828
2	3103	1035	40.8528069320051	-73.8848452797828
2	3103	1038	40.8528069320051	-73.8848452797828
2	3065	9	40.8542005181572	-73.889722868691
2	3066	3	40.8560954513893	-73.8880026402835
2	3074	40	40.8542905755072	-73.8863609359267
2	3075	52	40.8558971892689	-73.8845651963224
2	3065	13	40.8545240605048	-73.8893753082352
2	4011	20	40.8449642395311	-73.8684498672947
2	3330	57	40.8699590556014	-73.8773275176655
2	3330	52	40.8703490322347	-73.8775437398959
2	3330	55	40.8701430959245	-73.8774645741091
2	4011	25	40.8448108696385	-73.8687429294513
2	3121	17	NA	NA
2	4428	12	40.8637552010031	-73.8690743029533
2	4433	43	40.864680129446	-73.8666465574281
2	4435	23	40.8645411467468	-73.8651428383017
2	4510	3	40.8657003931106	-73.865986500973
2	4521	56	40.8661482628419	-73.8550343485332
2	4522	15	40.8665509861789	-73.854440530355
2	4522	26	40.8673388040142	-73.8545111165375
2	4524	3	40.8656923983463	-73.8526744581551
2	4524	4	40.8657582755857	-73.8526779276562
2	4524	55	40.8669625713029	-73.8521871655458
2	4525	12	40.8662153051011	-73.8516356594238
2	4525	20	40.8667944119091	-73.8516162898812
2	4527	28	40.866937438199	-73.8497286741609
2	4529	38	40.8668383421463	-73.847418590115
2	4530	33	40.8672822254073	-73.8468463179339
2	4531	34	40.8672478153781	-73.8457400456557
2	4531	63	40.8659740414014	-73.8455658429541
2	4533	35	40.867045075802	-73.8439725281689
2	4535	24	40.8664349198335	-73.8413491184347
2	4536	26	40.8667272155048	-73.8403433120979
2	4543	12	40.870582619901	-73.8702721222004
2	4547	29	40.8691750141117	-73.8658421044461
2	4547	37	40.8691007392043	-73.8656976292045
2	4548	49	40.868558809821	-73.8646502003387
2	4556	7	40.8679517496722	-73.8574130745612
2	4559	16	40.8685023982126	-73.8543856404775
2	4559	29	40.8687713642709	-73.8543742046697
2	4560	20	40.8688004161974	-73.8534738537221
2	4561	63	40.8680988366193	-73.852155715241
2	4563	27	40.8686897109106	-73.8506177690321
2	4563	41	40.8691751135634	-73.8503021185794
2	4563	58	40.8682775479945	-73.8502643677378
2	4564	158	40.8674945528016	-73.84759063041
2	4564	163	40.8673081237871	-73.8477501410561
2	4566	9	40.8677243741519	-73.8449796738451
2	4567	84	40.8680468587788	-73.8439484842042
2	4572	37	40.8706726687429	-73.8627006440792
2	4579	53	40.8698493340219	-73.8560061261754
2	4579	56	40.8696901464663	-73.8560100865472
2	4580	61	40.8698946260416	-73.854914095414
2	4587	5	40.8687662881556	-73.848303606475
2	4587	28	40.8691152627539	-73.8486065232308
2	4588	12	40.869975698242	-73.8496350319057
2	4589	2	40.8696032666586	-73.8481859961111
2	4594	15	40.8725985296386	-73.868995421506
2	4602	25	40.8738368794167	-73.8646647676102
2	4606	33	40.8726299165657	-73.862935246714
2	4610	25	40.8723426152009	-73.8591175500391
2	4615	58	40.8718118963082	-73.8539047264727
2	4616	64	40.8718326598157	-73.8529645789214
2	4616	66	40.8717640471813	-73.8529683464144
2	4617	19	40.871922509865	-73.8523967025289
2	4617	22	40.872073463164	-73.8523927516522
2	4630	2	40.8743426425655	-73.8652965228596
2	4632	21	40.874474450811	-73.8630182264808
2	4637	1	40.8732520282429	-73.8576295074125
2	4638	9	40.8732598245974	-73.8572751370281
2	4638	10	40.8732626542343	-73.8573438321833
2	4424	2	40.8616314865274	-73.8696786105472
2	4425	26	40.8627149945384	-73.8691052730575
2	4434	22	40.8644297132929	-73.8660866767184
2	4509	44	40.8671530228232	-73.8665765190258
2	4510	7	40.8660764748581	-73.8660363595565
2	4510	14	40.8665567793447	-73.8660209300231
2	4510	49	40.8666194827065	-73.8656556389613
2	4510	60	40.8658592279902	-73.8656788675439
2	4512	58	40.8659805268037	-73.86379135361
2	4513	21	40.8670420086006	-73.863185388305
2	4514	16	40.8668295488715	-73.8622457943766
2	4516	8	40.8662587303436	-73.8600306918353
2	4518	19	40.866550378617	-73.8583633375135
2	4518	154	40.8663934645361	-73.8579840462608
2	4518	155	40.8663001494374	-73.8579878610191
2	4520	10	40.8662296667555	-73.8564803598172
2	4520	24	40.8672369328633	-73.856449261691
2	4521	1	40.865629429604	-73.854966786204
2	4521	13	40.866016989376	-73.8554106425746
2	4522	11	40.8662710412371	-73.8544519895419
2	4523	14	40.8664619755602	-73.8535079301613
2	4523	30	40.8673893507036	-73.8532455686886
2	4525	21	40.8668657692526	-73.8516125151502
2	4525	40	40.8669778361126	-73.8512507137989
2	4525	51	40.8664206822626	-73.8512664219971
2	4525	57	40.8660501627813	-73.8512780970876
2	4528	25	40.8663867071643	-73.8483596514227
2	4529	126	40.8664957522536	-73.8477953868155
2	4530	46	40.8667410358939	-73.8464823988131
2	4532	78	40.8655391424326	-73.8446449169817
2	4536	17	40.8660521363912	-73.8404280885218
2	4536	21	40.8662826804976	-73.8404203043588
2	4543	41	40.8702854025577	-73.8695712579072
2	4544	9	40.869845617143	-73.86901169205
2	4549	35	40.8691779865795	-73.8636944133034
2	4553	47	40.8683115011826	-73.8598130515056
2	4555	10	40.8681943382094	-73.858269446505
2	4555	28	40.8693606232142	-73.8580970255191
2	4557	47	40.8689463577513	-73.8560297752154
2	4557	62	40.8682355097429	-73.8560530077157
2	4560	1	40.867880351393	-73.8530094735847
2	4561	22	40.868585095798	-73.8525053473501
2	4563	64	40.8679893647888	-73.8502722477853
2	4566	10	40.8677272450939	-73.8450736715571
2	4571	4	40.8698751936876	-73.8637399878515
2	4571	37	40.8707259368341	-73.8636442359226
2	4574	31	40.8710516839698	-73.8606171989073
2	4576	2	40.8698006165271	-73.8587830630785
2	4576	25	40.8710390903725	-73.8592866355365
2	4577	18	40.8705108086713	-73.8582247363531
2	4577	31	40.8708479474444	-73.8578515980852
2	4578	30	40.8709810914974	-73.8567629787017
2	4579	55	40.8697395509015	-73.8560099795675
2	4580	10	40.8697415632176	-73.8554242378367
2	4580	39	40.8709432023187	-73.8549949692653
2	4586	57	40.8682488868576	-73.849331612107
2	4586	59	40.8681116570161	-73.8493355386121
2	4587	20	40.8687393159919	-73.8486652288858
2	4588	3	40.8695909745945	-73.8492779520135
2	4588	5	40.8696270141614	-73.849552660258
2	4588	43	40.8703841617688	-73.8492544599471
2	4589	67	40.8701221034955	-73.8482535095707
2	4590	59	40.8700357828351	-73.8473172456065
2	4593	12	40.8724158332356	-73.870055212997
2	4595	25	40.8730115259115	-73.8677218322143
2	4599	44	40.8726345654069	-73.8645478926633
2	4601	14	40.8739394937081	-73.8655721472564
2	4602	1	40.8732027670934	-73.8645901253859
2	4602	28	40.8738063864762	-73.8644081019635
2	4608	33	40.8728768416408	-73.8605627513466
2	4608	148	40.8719574579351	-73.8606369949462
2	4610	7	40.8715658282282	-73.8590866539725
2	4610	28	40.8724825899595	-73.8591136376569
2	4615	13	40.8718480572997	-73.8542843036551
2	4615	54	40.8719848071787	-73.8539007307814
2	4622	16	40.8744029152705	-73.8699862431519
2	4623	15	40.8743742740191	-73.8689304523186
2	4623	28	40.8751758217304	-73.8690156552491
2	4628	7	40.8758359104263	-73.8678029971028
2	4634	55	40.874123358163	-73.8609144955976
2	4634	72	40.8736590999393	-73.8605791902924
2	4636	24	40.8740168050204	-73.8590561484577
2	4337	126	40.85873656926	-73.8703386096614
2	4424	56	40.8616945083168	-73.8695844912158
2	4424	58	40.8615572776292	-73.8695883755426
2	4513	6	40.8660265322793	-73.8632380939544
2	4519	51	40.8660821758882	-73.8570627677968
2	4544	12	40.8700761383794	-73.8689823125116
2	4545	5	40.8700996039452	-73.8678975618453
2	4547	36	40.8694297989108	-73.8654366381513
2	4551	48	40.868297462077	-73.8618269613553
2	4551	49	40.8682260654501	-73.8617981850677
2	4563	134	40.8692195298514	-73.85068889151
2	4564	62	40.8697550239167	-73.8467140743498
2	4573	39	40.8705068649477	-73.8617609033957
2	4586	35	40.8691248206013	-73.8496188777928
2	4596	46	40.8723924545178	-73.8664069103001
2	4597	27	40.8722486511226	-73.8654779390146
2	4605	39	40.8717395771147	-73.8620476023116
2	4606	1	40.8720711737691	-73.86162025125
2	4610	65	40.8717328564884	-73.8587608806315
2	4622	36	40.8748882233086	-73.8695405333644
2	4634	52	40.8739532179512	-73.8609401627313
2	4340	97	40.8591070261192	-73.8702692008314
2	4536	125	40.8666668172841	-73.8403326106166
2	4565	6	40.8677392069526	-73.8458076012823
2	4602	3	40.8731947068847	-73.8647383916493
2	4617	28	40.8725179038624	-73.8522362850455
2	4623	128	40.8751728799122	-73.8688420950945
2	4435	47	40.8646175708203	-73.8647775295788
2	4511	37	40.8673704047678	-73.8646923900594
2	4565	5	40.8677391151369	-73.8457389059575
2	4570	18	40.8705573009745	-73.8649498518064
2	4570	39	40.8705705964654	-73.8645846383683
2	4571	10	40.8700539440643	-73.8640324915839
2	4572	1	40.8698573621279	-73.8625902417757
2	4574	34	40.8708760849112	-73.8606681871255
2	4622	41	40.8745451739647	-73.8695737497532
2	4637	24	40.8739662530242	-73.8581197394993
2	4337	32	40.8585959341539	-73.8697568598336
2	4340	86	40.8590762601817	-73.869759534275
2	4426	10	40.8619866090827	-73.868192050876
2	4513	27	40.8675689723913	-73.8631698419463
2	4573	5	40.8698815252782	-73.8621382330982
2	4593	36	40.8724428152419	-73.8696429580679
2	4337	1	40.8577927707788	-73.8706766457865
2	4337	18	40.8584677919487	-73.87051988611
2	4341	1	40.8592346751822	-73.8690723568173
2	4429	1	40.8641930294046	-73.8679129103213
2	4508	10	40.8661638890506	-73.8680572298137
2	4550	12	40.8685650467343	-73.8629580876428
2	4597	21	40.8723972937247	-73.8658464505663
2	4340	1076	40.8611545125894	-73.8702145940782
2	4340	1183	40.8602647667804	-73.8698042036901
2	4340	1190	40.8602647667804	-73.8698042036901
2	4340	1198	40.8602647667804	-73.8698042036901
2	4340	1230	40.8602647667804	-73.8698042036901
2	4340	1231	40.8602647667804	-73.8698042036901
2	4566	44	40.8694039354098	-73.844834748197
2	4605	12	40.871614308241	-73.8628758721983
2	4629	10	40.874594034183	-73.8666953769286
2	4518	8	40.8657545641169	-73.858484342206
2	4589	40	40.8713385566682	-73.848673776283
2	4617	32	NA	NA
2	4613	35	40.8728656265007	-73.8559019667666
2	4516	46	40.8662447259647	-73.8597993310789
2	4534	9	40.8656382233786	-73.8428188880376
2	4705	20	40.874025315796	-73.8548508437713
2	3508	60	40.8146969481192	-73.849438399542
2	3510	113	40.8153125512342	-73.8479449591763
2	3511	1	40.8150441727846	-73.8463306991507
2	3512	32	40.816896146809	-73.8457953422933
2	3512	146	40.8159268753649	-73.8455085690148
2	3575	71	40.8209637892341	-73.8457678513584
2	3611	124	40.821755642224	-73.8509868820098
2	3613	10	40.8216426976681	-73.8464888878494
2	3614	26	40.822144331378	-73.8480702584442
2	3678	18	40.8231999948726	-73.8536212355501
2	3680	15	40.8245162286731	-73.8548179243288
2	3680	42	40.8247415206806	-73.8528301630128
2	3680	74	40.8241953655269	-73.8550318024828
2	3680	77	40.8241681862037	-73.8552450397012
2	3685	15	40.8241197343213	-73.8516753192863
2	3690	16	40.8239530445784	-73.8480263838636
2	3690	17	40.823966629998	-73.8479215707296
2	3690	19	40.8239938005513	-73.8477119443332
2	3690	30	40.8242692913141	-73.8464105645118
2	3690	54	40.8236757572057	-73.8479728197415
2	3691	74	40.8243161781636	-73.8486578636471
2	3698	21	40.8258101957908	-73.8451929469303
2	3787	6	40.826903321666	-73.8585814243078
2	3789	61	40.8282094492665	-73.8582895758363
2	3791	11	40.8298084442953	-73.8595725736326
2	3800	24	40.8296194726809	-73.855464442969
2	3800	25	40.8296330875073	-73.8553776897951
2	3810	23	40.8304723521207	-73.8527199217872
2	3815	34	40.828394020514	-73.8480415345379
2	3483	36	40.8141896141731	-73.847683801692
2	3483	110	40.8125834530593	-73.8473081589661
2	3486	24	40.8146596668123	-73.8461473407631
2	3486	46	40.8136744967076	-73.8462868976798
2	3486	52	40.8141002309866	-73.8465135107361
2	3508	37	40.8163770537074	-73.8496947175108
2	3508	45	40.8157237877966	-73.8496781292725
2	3508	50	40.8153751004993	-73.8495958245479
2	3509	44	40.8159091478825	-73.848698658441
2	3532	23	40.8171143158067	-73.8531252159952
2	3532	25	40.8170844090476	-73.8533492757278
2	3532	142	40.8174320666289	-73.852625945421
2	3533	155	40.8182599240949	-73.8518076043876
2	3607	40	40.8211452492739	-73.8522925500214
2	3607	69	40.8208163504932	-73.8526581935364
2	3614	54	40.8225897678677	-73.8465950960811
2	3678	7	40.8230667518484	-73.8546079122689
2	3678	16	40.8231700780203	-73.8538380893063
2	3685	28	40.8242776265659	-73.8506668865601
2	3685	31	40.8243157200335	-73.8504102642354
2	3687	30	40.8258146979172	-73.8506887299366
2	3691	21	40.8245458976098	-73.8480214166515
2	3691	30	40.8247783630282	-73.8473885721757
2	3692	30	40.8255031102868	-73.8474953077567
2	3694	8	40.8267161201167	-73.8494654032633
2	3696	1	40.8239281659257	-73.8458260176661
2	3699	67	40.826282087116	-73.8450437036815
2	3699	68	40.8262712247669	-73.845130448212
2	3733	59	40.8273599290629	-73.859386233049
2	3759	16	40.8294997597096	-73.8607837394856
2	3768	77	40.8309217853414	-73.8610011908205
2	3788	5	40.8275651954101	-73.8589052209605
2	3789	19	40.8285003619535	-73.8582672757297
2	3791	29	40.8299879682645	-73.8582424258861
2	3792	80	40.8302504745509	-73.8596800462043
2	3794	39	40.8322141451045	-73.8584147503368
2	3798	45	40.8283408947516	-73.8536532869165
2	3799	3	40.8287367191279	-73.8563010639056
2	3799	83	40.8285170747417	-73.8562473369227
2	3801	34	40.8304992383115	-73.8544399027677
2	3801	83	40.8299091645391	-73.8566634950921
2	3806	44	40.8280266961714	-73.8504994830255
2	3810	19	40.8305934513041	-73.8529798282929
2	3810	28	40.830408687729	-73.8523008937406
2	3815	54	40.8281764012475	-73.8474458197543
2	3510	39	40.8163745417341	-73.8477799583444
2	3512	100	40.8160168207264	-73.845038703406
2	3607	17	40.8204699611116	-73.8543823547405
2	3607	27	40.8208733108305	-73.8542839209074
2	3696	19	40.8243661620356	-73.8449614485388
2	3699	9	40.8265170414358	-73.8462789101717
2	3768	16	40.831608844508	-73.8617333142831
2	3799	147	40.8287252825513	-73.8537536176271
2	3808	5	40.829070441197	-73.8532216814115
2	3808	6	40.8291445713625	-73.853239585168
2	3816	60	40.8287843778678	-73.848503163065
2	3510	20	40.8157875347341	-73.8480558686278
2	3816	37	40.8290554622815	-73.8480147297651
2	3733	54	40.8277004625894	-73.8595408886688
2	3793	17	40.8312715680767	-73.8597284827653
2	3681	1	40.8252733638876	-73.8544946934359
2	3794	13	40.8320647714576	-73.859712356027
2	3809	47	40.8299155665722	-73.8508891103162
2	3693	6	40.8260104414297	-73.8492465892172
2	3575	28	40.8206566586807	-73.8480447509566
2	3802	33	40.8311422603914	-73.8550419614227
2	3806	45	40.8279580596724	-73.8504851836694
2	3700	23	40.827289779158	-73.8453268121514
2	3618	1	40.8234321276158	-73.844345776555
2	3696	142	40.8244819871298	-73.8433352367128
2	3700	26	40.8273196120273	-73.8450593542841
2	3759	7	40.8289559883191	-73.8605210956484
2	5625	51	40.8388001525776	-73.7848091801734
2	5625	175	40.8399618145562	-73.7851559854495
2	5626	134	40.8414419612653	-73.7855559878951
2	5626	228	40.8424091222997	-73.7861058402039
2	5626	356	40.8434269027641	-73.7858314997974
2	5626	427	40.8437704468332	-73.7875616228681
2	5626	479	40.8440696719866	-73.7861041151696
2	5626	480	40.8440887105863	-73.786010082819
2	5626	482	40.8441268211085	-73.7858400892307
2	5627	35	40.8440653989284	-73.7882510070653
2	5627	137	40.8442447601964	-73.7872781940921
2	5627	140	40.844294597777	-73.7875129632752
2	5628	108	40.8454760017434	-73.7866634316989
2	5628	249	40.8446381760026	-73.7892756461432
2	5629	42	40.8461246651625	-73.7886492630239
2	5629	204	40.8458955152155	-73.7879198878806
2	5631	65	40.8465675141353	-73.7906755392485
2	5632	169	40.8477437584995	-73.7884923107781
2	5633	33	40.8482340502378	-73.7909486112756
2	5634	66	40.8496056491241	-73.7890249618853
2	5641	317	40.8451400512053	-73.7845971114734
2	5642	121	40.8455357396726	-73.7848379918389
2	5643	77	40.8470653175331	-73.7852523188779
2	5643	201	40.8465583438936	-73.7842093914499
2	5644	15	40.8478788834213	-73.7858605395395
2	5644	42	40.8480468814898	-73.7846925185951
2	5644	51	40.8478412248226	-73.7847980041417
2	5644	178	40.8497134128085	-73.7864329663463
2	5644	199	40.8496347168087	-73.7854392106926
2	5644	224	40.8490080983092	-73.7849966433087
2	5644	232	40.8488692556847	-73.785607948369
2	5644	233	40.8488447683215	-73.785723692345
2	5644	236	40.8487848681104	-73.7859841314335
2	5644	273	40.8481830219416	-73.7841065294166
2	5644	410	40.849305255263	-73.7868680237584
2	5645	57	40.8504055309659	-73.7866765381026
2	5645	59	40.8505429328214	-73.7867664630632
2	5645	84	40.8501878702971	-73.7862290250518
2	5646	22	40.8519427590868	-73.7882693057625
2	5646	54	40.8513866019289	-73.7873312617379
2	5646	145	40.851644485582	-73.7857833520672
2	5648	1	40.8549427485185	-73.7897816133266
2	5648	61	40.856595915898	-73.7902499470363
2	5648	64	40.8568181768799	-73.7902167114004
2	5648	265	40.8583488005693	-73.7897093915946
2	5625	78	40.8407071938201	-73.7859956613812
2	5626	338	40.8431030853529	-73.7873469008163
2	5630	22	40.8468326371061	-73.7870675106231
2	5631	167	40.8470519091599	-73.7883933064369
2	5635	15	40.852880672055	-73.7893435161624
2	5635	20	40.8530895459802	-73.789494674679
2	5635	114	40.8534790088913	-73.7893380063447
2	5643	6	40.8461934916221	-73.7857864485633
2	5645	422	40.8507757124989	-73.7879730057778
2	5645	423	40.8508056250253	-73.7878210955824
2	5626	472	40.8439798535344	-73.786512816305
2	5644	122	40.8483058600027	-73.785215783348
2	5648	203	40.8577603939304	-73.789140079377
2	5642	1020	40.8462645153325	-73.7826706132749
2	5642	1028	40.8462645153325	-73.7826706132749
2	5642	1030	40.8462645153325	-73.7826706132749
2	5642	1034	40.8462645153325	-73.7826706132749
2	5642	1037	40.8462645153325	-73.7826706132749
2	5642	1062	40.8462645153325	-73.7826706132749
2	5626	227	40.8424281743159	-73.7860190385262
2	5629	46	40.8460838124324	-73.7888228831833
2	5635	1143	40.8526992444266	-73.7922178104872
2	5636	34	40.8562544883677	-73.7911656023465
2	5636	36	40.8563175639625	-73.7911364847876
2	5636	37	40.8563696935012	-73.7911254762589
2	5636	38	40.8564575498629	-73.7911396601284
2	5648	3	40.855038911592	-73.7898355324238
2	5626	288	40.8432310952655	-73.7853297525263
2	5634	136	40.8501009555327	-73.7882137202961
2	5646	3	40.8511190850193	-73.7881273414391
2	5646	4	40.8511767966441	-73.7881669188603
2	5643	1008	40.8471130566303	-73.7843593983697
2	5635	148	40.8531385270532	-73.7907705319601
2	5625	94	40.8409321911622	-73.7844842425523
2	5626	51	40.8413414147393	-73.7846238677051
2	5635	120	40.8521763663995	-73.7899385597841
2	5635	143	40.8530121071607	-73.7906805606682
2	5627	99	40.8448049897379	-73.7859607925754
2	5245	18	40.8813436411313	-73.8276222479404
2	5246	50	40.8819278153959	-73.8273241944398
2	5246	16	40.8816690077633	-73.8267860359016
2	5246	14	40.8817926270308	-73.8268580402371
2	5141	280	40.8793229443123	-73.829063112749
2	5278	60	40.8842873791485	-73.8231229766511
2	5319	8	40.8357585840568	-73.8233387267456
2	5322	22	40.8358423604759	-73.8207112549212
2	5324	22	40.8367966598141	-73.8219265590642
2	5330	10	40.8366310659144	-73.8195743755176
2	5342	20	40.8379452060963	-73.8245363613904
2	5344	25	40.83810693079	-73.8226024737694
2	5344	26	40.8380353571802	-73.8224653348189
2	5406	42	40.8389413026633	-73.8243819465874
2	5406	143	40.8375542685684	-73.8202006932204
2	5406	144	40.8376801867345	-73.819983517532
2	5407	35	40.8410222606273	-73.8246872660894
2	5408	74	40.8407696153866	-73.8228049906851
2	5408	81	40.8412148174238	-73.8231688304497
2	5408	146	40.8389507890801	-73.8216208317818
2	5408	270	40.8398409936861	-73.8222147614977
2	5408	294	40.8395229365636	-73.8224288388254
2	5408	295	40.8395560065055	-73.8225154871503
2	5408	303	40.8405659453981	-73.8206659979982
2	5408	340	40.8394568492478	-73.8205171989314
2	5408	346	40.8398303987038	-73.820689665037
2	5409	422	40.8392474357954	-73.8147931745937
2	5409	605	40.8404297471698	-73.8195713012045
2	5409	623	40.8408012744205	-73.8184535389125
2	5409	672	40.8404951124559	-73.8175038723891
2	5409	724	40.8418659323816	-73.820019174763
2	5409	739	40.8422723512365	-73.8201481854059
2	5409	749	40.8417116023894	-73.8196184225283
2	5410	53	40.8420866336418	-73.8225159638333
2	5411	220	40.8458639254782	-73.8246817347328
2	5411	227	40.8461489290031	-73.8243882185805
2	5411	233	40.8458057423754	-73.8243240660284
2	5412	30	40.8460716060367	-73.8222884687002
2	5412	162	40.8450205402003	-73.8206178456679
2	5413	65	40.847338306592	-73.8214103882594
2	5415	37	40.8453922525702	-73.81961205621
2	5416	34	40.8472337766891	-73.8194986290473
2	5416	124	40.8471435723317	-73.8179880390237
2	5417	140	40.8469060702175	-73.8170670106341
2	5459	36	40.8335945589412	-73.8207895861979
2	5459	125	40.8338493445202	-73.8204853478588
2	5460	34	40.8337825419468	-73.8198892657312
2	5465	1	40.8351420019454	-73.8186641260334
2	5465	32	40.8342075436531	-73.8178680375937
2	5465	52	40.8348726569568	-73.8184335788274
2	5465	53	40.8349193453916	-73.8184515202792
2	5466	58	40.8353518117263	-73.8176914428537
2	5468	43	40.8335063959268	-73.8188203591478
2	5475	34	40.8286868403734	-73.817189369805
2	5476	21	40.8298443787018	-73.8167272752296
2	5476	27	40.8295008304827	-73.8164391431895
2	5480	30	40.8300542242881	-73.8157871848269
2	5480	48	40.829568434144	-73.8158029837104
2	5480	68	40.83067605949	-73.8167466656192
2	5483	15	40.8275601607356	-73.816343322459
2	5483	50	40.8272488843674	-73.8156395770352
2	5484	21	40.8282564579798	-73.8158030022347
2	5484	34	40.8285663443922	-73.8156359266665
2	5484	38	40.8283299758187	-73.8154342303244
2	5485	72	40.8277729892566	-73.8138458857101
2	5319	31	40.8369832533572	-73.8236824077217
2	5319	32	40.8369610138174	-73.8234981585928
2	5319	43	40.836642229584	-73.8232388059404
2	5321	27	40.835747344328	-73.8213872949375
2	5323	37	40.8369784734957	-73.8223561247061
2	5324	19	40.8366951001604	-73.82192321703
2	5327	1	40.8357150879434	-73.8183084100165
2	5342	29	40.8383734294294	-73.824567757618
2	5406	77	40.838675217885	-73.8226876938625
2	5406	117	40.8386991078694	-73.8221599893707
2	5408	25	40.8415689394619	-73.8232040304878
2	5408	41	40.8408677019588	-73.8223348969434
2	5408	162	40.8390692804304	-73.8219240899349
2	5408	204	40.8399314133118	-73.8239022789232
2	5408	249	40.8402560281576	-73.8225931289452
2	5408	306	40.8406586746613	-73.8202862691194
2	5408	392	40.8420255388044	-73.8238425231338
2	5408	405	40.8411112656815	-73.8236570104399
2	5409	301	40.8398078910238	-73.8185827411513
2	5410	156	40.8428077106069	-73.8220080518037
2	5410	284	40.8433101415678	-73.8221042916505
2	5410	290	40.8437765679763	-73.821991002446
2	5412	114	40.844399107128	-73.8216604363605
2	5412	115	40.8444048087907	-73.8217977640282
2	5412	122	40.8446176643245	-73.8210020478521
2	5412	124	40.8447439093494	-73.8209944795346
2	5412	125	40.8448674096703	-73.8209869185745
2	5413	69	40.8470309281963	-73.8214292856595
2	5413	105	40.847625563972	-73.8208060016567
2	5414	30	40.8426452588152	-73.8181593711425
2	5414	80	40.8434030950812	-73.820098143272
2	5414	99	40.8435228171765	-73.8194291850078
2	5414	132	40.8430789387598	-73.8181690283299
2	5414	194	40.8438184119825	-73.8188970869132
2	5415	55	40.8443415122007	-73.8199221197364
2	5415	75	40.8455779750659	-73.8190260275195
2	5415	137	40.8450818517178	-73.8177081485067
2	5416	133	40.847796748049	-73.8179464925589
2	5417	160	40.8482672346389	-73.8169331453045
2	5417	169	40.8480169905461	-73.8166338317602
2	5458	20	40.833837135555	-73.8214610836446
2	5458	44	40.8341563593077	-73.8220022867349
2	5459	11	40.8345715169574	-73.8206857695396
2	5462	41	40.8325920383502	-73.8203405806842
2	5464	50	40.8346461858716	-73.8192870438454
2	5470	1	40.8340802409558	-73.8172070739095
2	5470	137	40.8339072156552	-73.8171388886351
2	5472	43	40.8309846683062	-73.8192463988604
2	5472	45	40.831097354177	-73.8193436590017
2	5473	4	40.8321892943114	-73.819051604128
2	5475	21	40.8294036613207	-73.8174728647625
2	5475	43	40.8290772926145	-73.8176327521321
2	5479	100	40.8320627893384	-73.8154311027534
2	5480	71	40.8307997377808	-73.8168511179214
2	5481	29	40.8305601945565	-73.8146619740536
2	5483	17	40.8276728433677	-73.8164369593142
2	5327	40	40.8358223476879	-73.818445442342
2	5342	44	40.8383180126341	-73.8242245778025
2	5406	91	40.8389488259858	-73.8239157218065
2	5411	327	40.8466361175521	-73.8234905588945
2	5414	220	40.8445768096648	-73.8176986896003
2	5414	258	40.8445650585559	-73.8154867717996
2	5417	190	40.8465130388658	-73.8167283375923
2	5464	20	40.8345137767391	-73.8188645946092
2	5470	138	40.8339621441451	-73.8171604199947
2	5470	139	40.8340088385134	-73.8171819740157
2	5417	1001	40.8454975515369	-73.8167636645029
2	5417	1050	40.8439286236701	-73.8139886179489
2	5417	1103	40.8452073531512	-73.8155066762224
2	5417	1104	40.8452073531512	-73.8155066762224
2	5417	1109	40.8452073531512	-73.8155066762224
2	5417	1115	40.8452073531512	-73.8155066762224
2	5417	1117	40.8452073531512	-73.8155066762224
2	5417	1120	40.8452073531512	-73.8155066762224
2	5417	1125	40.8452073531512	-73.8155066762224
2	5467	1028	40.8345258008746	-73.8160566766143
2	5486	1009	40.8279943817893	-73.8115832794055
2	5411	317	40.8444761321304	-73.8235577331886
2	5460	52	40.8346284469444	-73.8202302826886
2	5480	37	40.8297628867601	-73.815538660377
2	5480	38	40.8297051727551	-73.8154918450053
2	5480	29	40.8301091934625	-73.8158340082975
2	5413	23	40.8467057987802	-73.822395206805
2	5409	41	40.836281104724	-73.8169552853608
2	5460	1	40.8347384491308	-73.8203673084637
2	5481	27	40.8306948013256	-73.8147338699826
2	2958	91	40.8398380736106	-73.8875132025419
2	2966	76	40.8348967479051	-73.8923820737434
2	2967	130	40.834747377167	-73.8911500235763
2	2977	354	40.8344099551261	-73.8913384901282
2	3015	81	40.8371321701322	-73.8823932833557
2	2938	8	40.8345269651519	-73.8961987884927
2	2948	52	40.84149511942	-73.8924725949967
2	2949	36	40.8427772971595	-73.8929006117182
2	2952	33	40.8412470391736	-73.8913453930501
2	2952	153	40.8404936498356	-73.8899335217422
2	2958	207	40.8411152327017	-73.888407341045
2	2996	43	40.8336264143226	-73.8871298114834
2	3000	24	40.8329537303295	-73.8868960646425
2	3001	12	40.8338562140539	-73.8863597012467
2	3001	29	40.8343001962853	-73.8856904019448
2	3001	115	40.8340756625428	-73.8862292324014
2	3009	13	40.8336138038478	-73.8854747593739
2	2952	128	40.8413762851928	-73.8916053985214
2	2957	31	40.8399162704881	-73.8889008616248
2	2989	10	40.8343218186257	-73.8881477052936
2	2995	36	40.8324770402629	-73.8878075112125
2	2996	48	40.8333246023111	-73.8872387339489
2	3000	16	40.8324133374223	-73.8872185965599
2	2948	39	40.8417226060559	-73.8921252700711
2	3014	15	40.83357415855	-73.8842533985282
2	2948	40	40.841683950066	-73.8918795715281
2	2948	44	40.8415303954812	-73.8920388426984
2	2952	1	40.8401260727622	-73.8901582010641
2	2952	53	40.8404386660007	-73.8898396469408
2	2963	53	40.8334672009728	-73.895860755103
2	2963	54	40.833505555098	-73.8957811938627
2	2963	55	40.8335411677262	-73.8957052505215
2	2995	16	40.8327462641388	-73.8880563991106
2	2995	47	40.8317226834661	-73.8882604825788
2	2995	66	40.8324276671144	-73.8878401171656
2	3000	7	40.8319195754469	-73.8875121355751
2	2953	48	40.8408006145819	-73.8894704106283
2	2966	17	40.8351392921605	-73.8934694292301
2	2982	23	40.8354639709735	-73.8885107786942
2	2995	17	40.8328120985881	-73.8880165381495
2	3015	25	40.8354637481784	-73.8827503848602
2	2978	191	40.8367511308872	-73.8883965917871
2	3015	3	40.8345452731161	-73.883742170549
2	3015	5	40.8346494335504	-73.8836046658867
2	3014	9	40.8328638214876	-73.884796682828
2	2955	53	40.8430235661854	-73.8891956515081
2	2956	39	40.8431127155106	-73.8877209039113
2	3070	283	40.8514176884721	-73.8900383436065
2	3070	324	40.8512556028353	-73.889883181362
2	3082	17	40.8505824655886	-73.889168601119
2	3082	22	40.8508375768822	-73.8890163614445
2	3082	39	40.8506122920482	-73.8887890162194
2	3082	58	40.8498140670808	-73.8892927770835
2	3096	6	40.847547394721	-73.8869326962952
2	3096	111	40.8479840254532	-73.8871596662422
2	3096	128	40.847678757184	-73.8865421111462
2	3096	130	40.8475800118493	-73.8866073397855
2	3097	43	40.8490144095591	-73.8855096906603
2	3110	74	40.8483766116173	-73.8844806560255
2	3124	69	40.8468012170422	-73.8818376407132
2	2946	37	40.8445964037161	-73.8922181957178
2	2946	128	40.8451558664784	-73.8917293554565
2	2951	44	40.844254227045	-73.8902742699793
2	2954	21	40.8424826854954	-73.8890158434566
2	3069	55	40.8482548334185	-73.891933951875
2	3069	77	40.8488053540035	-73.8906968907361
2	3079	115	40.8466761811187	-73.8914594148001
2	3079	161	40.8469555234532	-73.890804748584
2	3080	23	40.8485057180365	-73.8902094247375
2	3080	53	40.8473943607331	-73.8904714991686
2	3080	73	40.8477807063149	-73.8897804998122
2	3080	94	40.8479066617653	-73.8894658318766
2	3081	19	40.8489883893254	-73.8897929568033
2	3082	7	40.8500804903221	-73.8894875216277
2	3082	8	40.8501216366087	-73.8894621511056
2	3093	13	40.845792799368	-73.889010320791
2	3098	162	40.8496250813658	-73.8868749460556
2	3106	201	40.8447046055651	-73.8876784597223
2	3106	202	40.8446688504757	-73.887602619835
2	3106	203	40.844630354156	-73.8875303989599
2	3106	204	40.8445918507379	-73.8874509495925
2	3110	61	40.8488734606497	-73.8845376255847
2	3122	18	40.8433906445889	-73.8829171247922
2	3132	131	40.8434839822516	-73.8802604984974
2	3909	5	40.8396279182805	-73.8753198390255
2	3909	16	40.8396327144442	-73.8746801475793
2	2947	42	40.8447454752575	-73.8931396011901
2	2954	24	40.8423644438517	-73.8887883478359
2	2959	125	40.8412040775376	-73.8866326640762
2	2960	43	40.8422052896242	-73.8860165499232
2	2960	143	40.8422657695333	-73.8861140288212
2	3068	15	40.8474547922646	-73.8934533202804
2	3069	50	40.8480107104965	-73.8921006145334
2	3069	51	40.8480547237409	-73.8922053631122
2	3069	98	40.8479496417915	-73.8913705894142
2	3069	106	40.8479612009822	-73.8919886460638
2	3079	53	40.8464150697247	-73.8910731008297
2	3093	29	40.8454738418468	-73.8884181009213
2	3093	46	40.8449034595729	-73.8889539756669
2	3093	142	40.8451282989213	-73.8887186693407
2	3094	58	40.846329491447	-73.8876974023664
2	3095	19	40.8475054804493	-73.8889930052912
2	3111	32	40.8466372850782	-73.88530053215
2	3111	34	40.8467442350287	-73.8852063730509
2	3127	25	40.8426459273456	-73.882032959338
2	3908	7	40.8393016688456	-73.8756637811403
2	2946	14	40.8447614063099	-73.8925612871436
2	3095	20	40.8475575880614	-73.8889495448738
2	3128	6	40.8449038207892	-73.8810567055465
2	2950	30	40.8443896928246	-73.8913041171169
2	2955	40	40.8425753042159	-73.8882892378957
2	3069	91	40.8483914163482	-73.8912397459518
2	3069	99	40.8478645628054	-73.8913779572975
2	3069	102	40.8478812588025	-73.8916200996863
2	3070	5	40.8497581042186	-73.8910531679998
2	3080	39	40.8478720694041	-73.8906080625129
2	3095	5	40.8469898997373	-73.889434825432
2	3107	36	40.8438446793086	-73.8868269479035
2	3111	40	40.8475639839961	-73.8842868866719
2	3111	49	40.8481482098081	-73.8838918912488
2	3111	65	40.847963994146	-73.8835741387931
2	3117	113	40.8436872159058	-73.8857971560181
2	3118	49	40.844808602167	-73.8845916670078
2	3125	3	40.8450969595919	-73.8820394556996
2	3127	20	40.8428569735695	-73.8817434490899
2	3128	5	40.8448544720071	-73.8811110084123
2	2946	1	40.8443580760156	-73.8927137383571
2	3093	20	40.8457070752373	-73.8883490369597
2	3129	10	40.8458088816233	-73.880386430558
2	3129	15	40.8455945283577	-73.8801301972322
2	3129	18	40.8454488297418	-73.8799099849861
2	3129	21	40.8452783642665	-73.8796283748596
2	3129	27	40.8450945897445	-73.879744365697
2	3016	5	40.8387513815213	-73.8822277919708
2	3068	6	40.8469829600001	-73.8937323866447
2	3111	4	40.8470183559246	-73.8848553006839
2	3127	1	40.8427619750126	-73.8827881202546
2	3080	4	40.847762602977	-73.8909480023401
2	3083	1010	40.8493574358157	-73.8882453167697
2	3083	1014	40.8493574358157	-73.8882453167697
2	2956	19	40.8435713272394	-73.8879731265428
2	3079	47	40.8460528063604	-73.8911134521407
2	4008	16	40.8407735822534	-73.8738250738472
2	2954	22	40.8424414383807	-73.8889364003768
